{"validation/fb_repr/ortho_off_diag_loss":5114.4560546875,"validation/fb_actor/bc_log_prob":-10.754916191101074,"validation/fb_actor/q_mean":211497.75,"training/grad/norm":7.9312e+06,"validation/fb_actor/mse":1.7470951080322266,"training/fb_repr/repr_loss":86220.34375,"_wandb":{"runtime":2063},"training/fb_actor/q_mean":212570.71875,"validation/fb_actor/bc_loss":10.754916191101074,"training/fb_repr/ortho_diag_loss":-1023.9937133789062,"training/fb_repr/repr_diag_loss":-4520.4970703125,"_runtime":2063.756442096,"training/fb_repr/ortho_loss":3815.6240234375,"validation/fb_actor/std":1,"training/grad/min":-65805.359375,"_step":405000,"validation/fb_actor/q_abs_mean":211497.75,"training/fb_repr/repr_off_diag_loss":91096.7265625,"training/fb_repr/occ_measure_mean":1902.1553955078125,"validation/fb_actor/actor_loss":-211487,"validation/fb_repr/ortho_loss":4090.46044921875,"training/fb_actor/q_loss":-212570.71875,"training/fb_repr/occ_measure_max":256865.140625,"validation/fb_repr/repr_loss":91171.5,"training/grad/max":50545.75,"training/fb_actor/bc_log_prob":-10.53649616241455,"training/fb_actor/actor_loss":-212560.1875,"validation/fb_repr/occ_measure_min":-161114.65625,"_timestamp":1.7575092814192429e+09,"training/fb_repr/occ_measure_min":-155521.734375,"validation/fb_repr/occ_measure_max":254787.046875,"validation/fb_repr/repr_off_diag_loss":96832.15625,"time/total_time":2048.5043654441833,"training/fb_repr/ortho_off_diag_loss":4839.61767578125,"validation/fb_repr/ortho_diag_loss":-1023.99560546875,"training/fb_actor/bc_loss":10.53649616241455,"validation/fb_repr/repr_diag_loss":-5282.4296875,"validation/fb_actor/q_loss":-211497.75,"time/epoch_time":0.004887568664550781,"validation/fb_repr/occ_measure_mean":1992.946533203125,"training/fb_actor/mse":1.6742885112762451,"training/fb_actor/q_abs_mean":212570.71875,"training/fb_actor/std":1}